N°,Project name,Short name,Permit ID,Code,Ownership,Nationality,Copper/Cobalt annual production (2022),ISO A3,Province,Geographical coordinates,"latitude,longitude",longitude,latitude,Geographical description & project description,Project size,Deposit size (official reserves),Mine life/permit validity,Mine type,Contract type,Share allocation,"Project background	",Management,Number of employees,Sources/Liens
1,KFM (Kisanfu Mining),KFM,PE815,815,"China Molybdenum Company Limited/Contemporary Amperex Technology Co., Limited (CATL)/Gécamines",Chine/RDCongo,KMF hasn't started production yet,CHN/COD,Lualaba,"10°46′32″S, 25°58′31″E","-10.775556, 25.975278", 25.975278,-10.775556,"KFM is located in the Bayeke chiefdom, Lubudi territory, Lualaba province, in southern DR. Congo, the project is about 55 km east of the town of Kolwezi and 25 km west of the city of Tenke, and about 33 km southwest of the existing TFM copper and cobalt mine. Several mining companies operate in the vicinity of PE 815. The two closest mines are KISANFU Mining and Minière de KALUMBWE-MYUNGA .
","22 mining squares/1,869 ha","Mineral resources estimated according to the geological model built by NERIN in 2021 are 198.8 million tonnes.
- Copper content is 2.13%, containing approximately 4.23 million tonnes of copper metal
- Cobalt content is 1.01%, containing approximately 1.999 million tonnes of cobalt metal","26 years, permit valid until 14/03/ 2047",Open pit,Private ownership,- China Molybdenum: 71.25%                                                                                                                                                                                                                                                                                                                   - CATL : 23.75%                                                                                                                                                                                                                                                                                                                                   - Gécamines : 5%,"A company incorporated under Congolese law on January 23, 2021, KFM is a subsidiary of China Molybdenum Company Ltd (""CMOC""), which has held the mining permit ( PE 815) since December 13, 2020, following the indirect transfer of mining assets of the KISANFU project held by PHELPS DOGDE CONGO SARL to China Molybdenum Company Ltd (CMOC). In 2021, CATL acquired a 25% stake in Kisanfu Holding, thereby acquiring 71.25% of the Kisanfu Mine project.

Translated with www.DeepL.com/Translator (free version)",Yan Xiaoqin,ND,
2,SOMIDEZ (Société Minière de Deziwa),SOMIDEZ,PE 660,660,China Nonferrous Metal Mining (CNMC)/Gécamines,Chine/RDCongo,"86,328.03 tonnes Cu / 5,552.81 tonnes Co",CHN/COD,Lualaba,"10°47′36″S, 25°46′54″E","-10.793333, 25.781667", 25.781667,-10.793333,"SOMIDEZ is located in Mutshatsha Territory, Luilu sector, Mwanfwe customary group, 35 kilometers from the town of Kolwezi. It is surrounded by the Lualaba River and Lake Kando. It borders the Mutanda Mining company. The concession is well fenced off to prevent incursions by illegal artisanal miners.","15 mining squares/ 1,274 ha","SOMIDEZ has estimated reserves of 4600,000 tonnes of copper and 420,000 tonnes of cobalt.",11 years,Open pit,Joint-venture,China Nonferrous Metal Mining : 51%       Gécamines : 49%                                                                                                                                                                                                                                                                                                                                                                                               ,"En decembre 2005, la Gécamines et Platmin congo Limited ont signé le contrat relatif à la prospection sur les polygones de Deziwa et de l'Ecaille C.                                                                                                                                                                                                             En decembre 2007, signature du contrat  d'option pour garantir et proteger le droit de Platmin Congo                                                                                                                                                                                                                               En aout 2008,   signature de la convention de joint venture entre Gécamines et Platmin Congo créant la Société Minière de deziwa et ecaille C SPRL en abrégé SOMIDEC SPRL.                                                                                                           En septebre 2012 la Gécamines possede la totalité de part de Smidec.                                                                                                                                                                                                                                                                                                          En janvier 2016, accord cadre de partenariat entre la Gécamines et Group China Nonferrous Metal Mining créant Somidez.",Yangli SHENG,,https://www.mining-technology.com/news/cmoc-congo-copper/
3,Tenke Fungurume Mining - TFM,TFM,"PE123&9707&9708, Fungurume 159, 4728, 4729.",123&9707&9708&159&4728&4729,China Molybdenum Company Limited/Gécamines,Chine/RDCongo,"127,055.15 tonnes Cu /  6,961.08 tonnes Co",CHN/COD,Lualaba,"10°34′06″S, 26°11′44″E","-10.568333, 26.195556", 26.195556,-10.568333,"The mining concessions are located in the Lubudi territory, Lualaba Province in the Democratic Republic of Congo, more or less 100.6 km from the mining town of Kolwezi. The TFM mining concession covers an area of around 1,600 square kilometers.","1883 mining squares/159,970.265 ha","Cobalt mineral reserves estimated at around 103 million tonnes, with average grades of 2.09% cobalt.","20 ans

",Open pit,Joint-venture,80% China Molybdenum et 20% Gécamines,"En 1997: LUNDIN HOLDING LTD,                                                                                                                                                                                                                                                                                                                                                     En 2004, LUNDIN HOLDINGS LTD fait appel à BROKEN HILL PROPRIETARY LTD (BHP) et le géant minier américain PHELPS DODGE CORPORATION,                                                                                                                                         En 2007, Freeport McMoRan sՎtait substitué à PHELPS DODGE CORPORATION dans le partenariat TFM. Que donc à partir de l'année 2007,  la structure actionnariale de l'entreprise comprenait  Freeport McMoRan  à 56 %, Lundin Holdings à 24 % et Gécamines à 20 %,                                                                                                                                                                                                                                                                                                                     En 2018, China Molybdenum Co Ltd, rachéte les parts de la Société Lundin Holding et devient l'actionnaire principal avec 80 % de parts et la Gécamines y conserve quant à elle 20 % de parts.",Jun ZHOU,,
4,CHENGTUN CONGO RESOURCES-CCR (KALONGWE MINE),CCR,PE 14050,14050,Chengtun Mining Group                                                                                                                                                                                                              ,Chine,"56,734.93 tonnes Cu /  6,401.76 tonnes Co",CHN,Lualaba,"10°36′48″S, 25°28′17″E","-10.613333, 25.471389", 25.471389,-10.613333,,8 mining square/ 679.64 ha,"Kalongwe contains near-surface JORC resources of 30,000 t of contained copper (grade 3.03% Cu) and 42,700 t of contained cobalt (grade 0.36% Co) in mainly oxidized ore.  Kalongwe currently has an ore reserve of 6.98 million tonnes grading 3.03% Cu and 0.36% Co, i.e. 211994 tonnes of contained Cu and 25128 tonnes of contained Co.
                                                                                                                                                                                                                                                                                                                                                                                                                                                                        Kalongwe dispose actuellement d'une réserve de minerai de 6,98 millions de tonnes à 3,03 % de Cu et 0,36 % de Co, soit 211994 tonnes de Cu contenu et 25128 tonnes de Co contenu.",,Open pit,Private ownership,100%,"Projet acquis de l'autralien Nzuri Copper en 2020 par Xuchen International Co., filiale de Chengtun Mining",,,
5,COMMUS (Compagnie Minière de Musonoie Global SAS),COMMUS,PE 12092,12092,Zijin Mining Group Company Limited/Gécamines,Chine/RDCongo,"120,954.58 tonnes Cu /  2,502.81 tonnes Co",CHN/COD,Lualaba,"10°43′15″S, 25°27′16″E","-10.720833, 25.454444",25.454444,-10.720833,"The company's head office is located in Pierre Muteba, groupement Kazembe, secteur Luilu, and another part of the concession is in downtown Kolwezi, more precisely in the commune of Dilala between the Kanina and Musonoie districts.","1 mining square/ 89,955 ha","Reserves are estimated at 1.08 million tonnes of copper grading 4.17% and 130,000 tonnes of cobalt grading 0.12%.",Licence valid until  03/04/2024.,Open pit,Joint-venture,"Zijin Mining 72%, Gécamines 28%.                                                                                                                                                                                                                                                                                                                                          NB:  dans le cahier des charges des responsabilités sociétal de l'entreprise, il est mentionné que: Zijin Mining Group Company Limited détient 72% et la Génerale des carrières et des Mines (Gécamines) détient 28%","En decembre 2005, la Gécamines signe avec Hhina National Overseas Engineering Corporation en sigle COVEC le contrat de creation la Société dénommée: la Compagnie Minière de Musonoie Global en abrégé COMMUS.",Directeur Général: Zhang XINGXUN ,,
5,COMMUS (Compagnie Minière de Musonoie Global SAS),COMMUS,PE 12093,12093,Zijin Mining Group Company Limited/Gécamines,Chine/RDCongo,,CHN/COD,Lualaba,"10°43′46″S, 25°27′08″E","-10.729444,25.452222",25.452222,-10.729444,,3 mining squares / 254.95 ha,"Reserves are estimated at 1.08 million tonnes of copper grading 4.17% and 130,000 tonnes of cobalt grading 0.12%.",,,Joint-venture,"Zijin Mining 72%, Gécamines 28%.                                                                                                                                                                                                                                                                                                                                          NB:  dans le cahier des charges des responsabilités sociétal de l'entreprise, il est mentionné que: Zijin Mining Group Company Limited détient 72% et la Génerale des carrières et des Mines (Gécamines) détient 28%",,,,
6,KM (Kalongwe Mining),KM,PE 12198,12198,Shengtun Mining  et le gouvernement congolais,Chine/RDCongo,Kalongwe n'a pas encore commencé la production,CHN/COD,Lualaba,"11°0′33″S, 25°12′48″E","-11.009167, 25.213333", 25.213333,-11.009167,"Kalongwe Mining is located in the Kalongo village in the Musokatanda traditional community, Lufupa sector, Mutshatsha territory, 45 km from the town of Kolwezi and around 15 km from the Kamoa company.",10 mining squares/849.55 ha,"The project has an ore reserve estimate of 6.98 million tonnes at 3.03% copper and 0.36% cobalt, or 211,494 tonnes of contained copper and 25,128 tonnes of contained cobalt.",30 ans renouvable une fois pour 15 ans.,Open pit,Joint-venture,"Selon les informations recueillies auprès de la division de mines de la province du Lualaba, l'entreprise Kalongwe serait détenu indirectement par Chengtun Mining à 95% et le gouvernement congolais","En juin 2005 acquisition de Kalongwe Mining par Regal Resources Lited.                                                                                                                                                                                                                                                                            En novembre 2013 aquisition d'une participation de 30% dans le projet de civre cobalt de kolongwe et la Société internationale de négoce de matières premières Traxys Europe, SA (30%) et La Générale Industrielle et Commerciale au Congo SPRL (40%).                                                                                                                                                                                                                                                                                                                                   En janvier 2017, changement de raison sociale de la Société pour devenir  NZURI COPPER LIMITER ( autralien).                                                                                                                                                                                                                En fevrier 2019 , conclusion pa Nzuri d'un concordat avec Chengtun Mining.",,,
7,SICOMINES/ SCM (Sino-Congolaise des mines),SICOMINES,PE 9681 & PE 9682,9681&9682,"Sinohydro, China Railway Group Limited, et Gécamines",Chine/RDCongo,"257,836.30 tonnes Cu /  2,418.46 tonnes Co",CHN/COD,Lualaba,"10°44′00″S, 25°22′15″E","-10.733333, 25.370833", 25.370833,-10.733333,"Sicomines is located between the commune of Dilala, city of Kolwezi, and the village of Mutaka, gropement Kazembe, Luilu sector, Mutshatsha territory, about 5 km from the city of Kolwezi.","13 mining squares/ 1,104.41 ha","Ore reserves are estimated at 250 million tonnes, with copper at 3.22% and cobalt at 0.192%.",Licence valid until 03/04/2024.,Open pit,Joint-venture,"China Railway and Sinohydro 68%, Gécamines 32%","En  Avril 2008,  la  joint venture a été créée sous la dénomination de SICOMINES, adoptant la forme d'une SARL,                                                                                                                                                                                                                    En Avril 210, une étude de faisabilité était réalisée par le cabinet chinois CHINA ENFI, les reserves Minières ont été évaluées à 8544900 tonnes de cuivre et 571 800 tonnes de cobalt.                                                                        En 2014, la Sicomines Sarl et transformée en Société anonyme à la suite de l'application des normes OHADA par la RD Congo.                                                                                                                                                                                      En 2015 la mine a été achevée d'etre construite et la Société est entrée en production en octobre 2015; et 2016 a été sa première année de pleine production.",Directeur Géneral: Li SHENG Directeur général,,
8,LAMIKAL SA (la Minière de Kalukundi),LAMIKAL SA   ,PE 1447,1447,Wanbao/Managem/Gouvernement congolais,Chine/Maroc/RDCongo,"49,585.65 tonnes Cu / 4,024.63 tonnes Co",CHN/MAR/COD,Lualaba,"10°39′29″S, 25°59′02″E","-10.658056, 25.983889", 25.983889,-10.658056,"Lamikal is a mining company located about 64 km east of the town of Kolwezi, on national road no. 39, about 110 km northwest of the town of Likasi, and about 230 km from the city of Lubumbashi. The site is located in the village of Pumpi, in the Nguba groupement, Bayeke chiefdom, Lubudi territory, Lualabe province, DR Congo.","32 mining squares/ 2,718.56 ha",,Licence valid until 06/11/2039,Open pit,Joint-venture,Wanbao: 75%                                                                                                                                                                                                                                                                                                                                                       Managem: 20%                                                                                                                                                                                                                                                                                                                                                                                                            Etat congolais : 5%,"En mars 2001, contrat de creation de Société d'exploitation des Gisement de Kalukundi en abregé ""SWANMINES sprl"" entre la Gécamines et  l'entreprise H e J Swanepoel famille trust.                                                                                                   EN 2017, etudes de faisabilité.                                                                                                                                                                                                                                                                                                                                                                       En 2020, les premières cathodes de cuivre et cobalt ont été sorties",Directeur Général: Gong QINGGUO,800 travailleurs Nationaux dont 550 sous -traitant,https://copperbeltkatangamining.com/drc-mines-lamikal-the-young-chinese-owned-mining-company-amounts-to-685000-usd/
9,MKM SAS (la Minière de Kalumbwe Myunga),MKM SAS,PE 657,657,"China Railway Resources Co, LTD/Gécamines",Chine/RDCongo,"17,488.23 tonnes Cu / 791.14 tonnes Co",CHN/COD,Lualaba,"10°46′30″S, 25°54′15″E","-10.775000, 25.904167", 25.904167,-10.775000,"The company's licence is located in Kalumbwe Myunga village, Groupement de Nguba, Chefferie de Bayeke, Territoire de Lubudi, Province of Lualaba, DR Congo. About 55 km east of the town of Kolwezi, about 168 km northwest of the town of Likasi and about 288 km from the city of Lubumbashi. Several mining companies operate in the vicinity of PE 674. The three nearest mines are KISANFU Mining CMOC, Kisanfu Mining KIMIN and Mutanda Mining.",8 mining squares/679.64 ha,Les réserves géologiques du bien sont estimées 100 000 tonnes cuivre,Permis en renouvellement,Open pit,Joint-venture,"China Railway Resources Co, LTD 80, Gécamines 18%","La Génerale et la Société dénommée EXPLOITATIONS ARTISANALES AU CONGO «EXACO» ont signé en date du 31 mars 1998 un contrat d 'association pour l exploitation Minière artisanale des gisements de Luita Breches, Kinservere et Karavia, en vue de la production de cuivre et de cobalt ainsi que d autres substances minérales de valeur commerciale. Les deux parties ont convenu de remplacer les gisements de Luita breches et Karavia sus évoqués par les gisements de Kalumbwe et Myunga. C'est dans ce cadre qu elles se sont accordées à poursuivre leur collaboration dans une Société privée à Responsabilité Limitée pour exploiter ces nouveaux gisements et ont signé en date du 20 juillet 2001 le contrat de création de la Société MKM Sprl                                                                                                                                                                                                                             En juillet 2001, signature de contrat de Société relatif à l'exploitation des gisments de kalumbwe et de Myunga en abregé MKM Sprlentre la G&camines et EXACO Sprl.                                                                                                             En décembre 2005, la Gécamines a cédé 27,5% du capital social à CHINA NATIONAL OVERSEAS ENGENEERRING CORPORATION en abregé COVEC et n'ayant gardée que 17,5% capital social de MKM Sprl et EXACO  Sprl a cédé 43,5% du capital social à COVEC n'ayant gardée que 11,5% du capital social de MKM.                                                                                                                                                                                                                           En mars 2008,  la Gécamines a cédé la totalité de ses Parts sociales soit 17,5% à Monsieur SUKADI DIABOD et que COVEC a cédé la totalité de ses Parts sociales de MKM Sprl à China Railway Group Limited en abrégé ""CRG LTD""                                                                                                                                                                                                                                                                                                                                                                                                   En decembre 2008,  CRG LTD a cédé la tolité de ses Part sociales de MKM Sprl au prpfit de Hhina Railway Resources Co, LTD,  ""CRR LTD""  Société d' Etat de droit chinois",,,
10,LR SAS (Luilu Ressource SAS),LR SAS,PE 8841,8841,,Chine,"11,800.56 tonnes Cu /  43.85 tonnes Co",CHN,Lualaba,"10°41′32″S, 25°22′51″E","-10.692222,25.380833",25.380833,-10.692222,"The company luilu ressource is located in the village NOA Groupement de Mwilu, secteur Luilu, Territoire de Mutshatsha, Province du lualaba, in DR Congo, at least 3.5 km from the town of Kolwezi. Under the R39 national road.","113 mining squares/ 9,599.91 ha",,Contrat en viguer jusquՈ l'épuisement économique des réserves de cuivre.,Open pit,Amodiation,,,,,https://www.resourcecontracts.org/contract/ocds-591adf-1919283211/view#/
10,LR SAS (Luilu Ressource SAS),LR SAS,PER 9687,9687,,Chine,,CHN,Lualaba,"10°42′47″S, 25 21′12″E","-10.713056, 25.353333",25.353333,-10.713056,,"54 mining squares / 4,587.57 ha",,,,Amodiation,,,,,
11,KIMIN SAS (Kisanfu Mining SAS),KIMIN SAS,PE 661,661,Somika/Gecamines,Inde/RDC,"22,409.31 tonnes Cu / 2,801.97 tonnes Co",IND/COD,Lualaba,"10°46′49″S, 25°55′52″E","-10.780278, 25.931111", 25.931111,-10.780278,"The company is located near the village of Kisanfu Groupement de Nguba, Chefferie de Bayeke, Territoire de Lubudi, Province of Lualaba, DR Congo, 55 km east of the town of Kolwezi. Several mining companies operate on the same area: MKM, KFM CMOC and Mutanda Mining.",3 mining squares / 254.95 ha,,15 ans ,Open pit,Joint-venture,"Somika: 70%, Gécamines :30%",,,,https://congomines.org/drc_companies/119-kisanfu-mining        https://www.youtube.com/watch?v=u0Dp2uk6uho
12,KAMOA-KAKULA MINES (Kamoa Copper SA),KAMOA-KAKULA,PE 13025                                                                                                                                                                                                                                                                                                                                                                                                    ,13025,Ivanhoe Mines Ltd/ Zijin co Ltd/Gouvernement de la RD Congo/Crystal River Global Limited,Canada/Chine/RDCongo,"370,068.12 tonnes Cu / 15.23 tonnes Co",CAN/CHN/COD,Lualaba,"10°52′26″S, 25°11′54″E","-10.873889, 25.198333", 25.198333,-10.873889,"The KAMOA KAKULA project is located in the province of Lualaba, Mutshatsha territory, Luilu and Lufupa sectors, in the Mwilu and Musokatanda groupemen respectively, and in areas under the traditional authority of the Mpala and Muvunda chiefs of land in south-eastern DRC, 25 km west of the town of Kolwezi and around 270 km west of the city of Lubumbashi.","204 mining squares / 17,330.32 ha","The property's geological reserves are estimated at 100,000 tonnes of copper.",Licence valid until 19/08/2042,Ciel ouvert  & Souterraine. ,Joint-venture,"Ivanhoe Mines Ltd:39,6 % , Zijin co Ltd: 39,6% , Gouvernement de la RD Congo: 20% ,Crystal River Global Limited: 0,8% . * Note : Dans son son rapport annuel de 2022, Zijin affirme détenir 45% des parts dans le projet.",42 ans. Permis valide jusqu'au 19/08/2042,Adriaan VERMEULEN,8.000 travailleurs,https://ivanhoemines.com/projects/kamoa-kakula-project/
12,KAMOA-KAKULA MINES (Kamoa Copper SA),KAMOA-KAKULA,PE 13026,13026,Ivanhoe Mines Ltd/ Zijin co Ltd/Gouvernement de la RD Congo/Crystal River Global Limited,Canada/Chine/RDCongo,,IND,Lualaba,"10°45′04″S, 25°14′53″E","-10.751111, 25.248056", 25.248056,-10.751111,,"202 mining squares / 17,160.91 ha",,Licence valid until 19/08/2042,Ciel ouvert  & Souterraine. ,Joint-venture,,42 ans. Permis valide jusqu'au 19/08/2042,,,
12,KAMOA-KAKULA MINES (Kamoa Copper SA),KAMOA-KAKULA,PE 12873  ,12873,Ivanhoe Mines Ltd/ Zijin co Ltd/Gouvernement de la RD Congo/Crystal River Global Limited,Canada/Chine/RDCongo,,,Lualaba,"10°51′47″S, 25°15′11″E","-10.863056, 25.253056", 25.253056,-10.863056,,"62 mining squares / 5,276.21 ha",,Licence valid until 19/08/2042,,Joint-venture,,42 ans. Permis valide jusqu'au 19/08/2042,,,
13,CHEMAF (Chemical of Africa Sarl),CHEMAF,PE 2604 & PE 2756,2604&2756,CHIRAZ VIRJI/FAZIL ABRAS VIRJI/SHALINA RESSOURCES Ltd,Inde,"10,233.00 tonnes Cu /  3,048.86 tonnes Co",IND,Lualaba,"10°40′36″S,25°34′30″E","-10.676667, 25.575000", 25.575000,-10.676667,"The Mutoshi project is located within the boundaries of permits PE2604 (held by Gécamines but leased to Chemaf) and PE2756 (held by Chemaf). Both are ""Permis d'Exploitation"". Chemaf has obtained a 25-year lease for PE2604, which gives it the right to mine and process ore from the concession. In exchange for these rights, Chemaf had to pay Gécamines US$52.5 million over 3 years (paid) and must also pay a 2% royalty (on gross revenues) to Gécamines.
","124 mining squares / 10,534.42 ha","Reserves at the Mutoshi North and North-East deposits contain 276,022 tonnes of copper and 122,960 tonnes of cobalt; the mine life at Mutoshi is 6 years, with processing taking around 9 years based on current reserves; Chemaf has a resource and reserve development plan to extend the mine life to over 25 years.","25 ans, Licence valid until 3/04/2024",Open pit,Amodiation,,,Shiraz Virji,,https://www.chemafresources.com/mutoshi/
14,MUMI (Mutanda Mining SARL),MUMI,PE 643  (Mutanda North) ,643,Glencore International,Suisse,"33,521.78 tonnes Cu/  9,563.79 tonnes Co (14700 tonnes Co according to Glencore's 2022 annual report)",CHE,Lualaba,"10°45′22″S, 25°51′16″E","-10.756111, 25.854444", 25.854444,-10.756111,"The Mutanda Ming project is located in the Mwanfwe customary grouping, Luilu sector, Mutshastsha territory, in the Lualaba province of DR Congo, more or less 43 km from the town of Kolwezi, the provincial capital, and 440 km from the border town of Kasumbalesa, the only main route for mineral evacuation.                                                                                                                          The Mutanda mining site borders on Kisanfu Mining, Somidez and Kimin. The Chabara artisanal mine is located here.","207 mining squares / 17,585.68 ha","Proven and probable reserves at the Mutanda North mine in December 2022 were estimated at 18.9Mt, grading 1.00% copper and 0.52% cobalt.",20 ans ,Open pit,Private ownership,"Glencore 95%, Gouvernement RDC: 5%","En novembre 2000 signature d'un protocole d'accord preliminaire de création d'une Société privée à responsabilité limité ( Sprl) entre Gécamines et la Société Southern African Metal Refiners Congo Sprl (SAMREF) une entreprise privée de droit congolais.                                                                                                                                                                                                                                                                                                                                                  Par la suite, les deux entreprises ont signé le 16 mai 2001 le contrat de creation n°474/10300/SG/DG/2001 sur base duquel les premiers statuts de Mtanda Mining ont été élaborés en date du 9 avril 2002.                                                        En date du 1er mars 2011, vend la totalité des ses parts à ROWNY ASSETS Limited.                                                                                                                                                                                                                                                              En date du 25 juillet 2013, il y a eu la fusion-absorption entre Mutanda Mining et  Kansuki Mining et le PE N°643 de Kasunki a été transféré à Mutanda Mining.                                                                                                                                                                                                      Enfin , le 18 fevrier 2015, Mutanda Mining a acquis le droit sur le Permis d'exploitation n°658 du gisement de Chabara.",Yvs ILUNGA MUKUNA,,1. Glencore Annual Report 2022 : https://www.glencore.com/.rest/api/v1/documents/ded10fa92974aa388a43aa9f86f483e9/GLEN-2022-Annual-Report.pdf                                                                                                                 2. Glencore Resources and Reserves Report : https://www.glencore.com/.rest/api/v1/documents/9103f1a33987bb1ca949662011373c42/GLENCORE+Resources+and+Reserves+report+2022.pdf
14,MUMI (Mutanda Mining SARL),MUMI,PE 662 (Mutanda South),662,Glencore International,Suisse,,CHE,Lualaba,"10°47′31″S, 25°48′36″E","-10.791944, 25.810000", 25.810000,-10.791944,,8 mining squares / 679.64 ha,"Proven and probable reserves at the Mutanda South open-pit mine in December 2022 were estimated at 379Mt, grading 1.30% copper and 0.54% cobalt.",,ciel-ouvert et souterraine,Private ownership,"Glencore 95%, Gouvernement RDC: 5%",,,,
14,MUMI (Mutanda Mining SARL),MUMI,PE 658 (Kawama),658,Glencore International,Suisse,,CHE,Lualaba,"10°44′16″S, 25°51′35″E","-10.737778, 25.859722", 25.859722,-10.737778,,2 mining squares / 169.91 ha                                                   ,ND,,ND,Private ownership,"Glencore 95%, Gouvernement RDC: 5%",,,,
14,MUMI (Mutanda Mining SARL),MUMI,PE 4959,4959,Glencore International,Suisse,,CHE,Lualaba,"10°47′14″S, 25°44′22″E","-10.787222, 25.739444", 25.739444,-10.787222,,3 mining squares / 254.95 ha,ND,,ND,Private ownership,"Glencore 95%, Gouvernement RDC: 5%",,,,
15,KCC (Kamoto Copper Company),KCC,PE 525 (Mashamba East)                                                                                                            ,525,Glencore International/Gecamine/Simco,Suisse/RDC,"216,113.59 tonnes Cu / 18,438.35 tonnes Co (25,500 tonnes Co according to Glencore's annual report)",CHE/RDC,Lualaba,"10°42′46″S, 25°24′41″E","-10.712778, 25.411389", 25.411389,-10.712778,"KCC operation is located south-west of Kolwezi, on the border with SICOMINES.","13 mining squares /1,104.41 ha","Proven and probable reserves at the Kamoto mine in December 2022 were estimated at 21.1Mt, grading 2.60% copper and 0.80% cobalt.",Licence valid until 3/4/2024,Souterraine,Joint-venture,"Glencore: 75%, Gécamines : 20 %, Simco : 5%",,Directeur Général: Cliton Donkin,,1. Glencore Annual Report 2022 : https://www.glencore.com/.rest/api/v1/documents/ded10fa92974aa388a43aa9f86f483e9/GLEN-2022-Annual-Report.pdf                                                                                                                 2. Glencore Resources and Reserves Report : https://www.glencore.com/.rest/api/v1/documents/9103f1a33987bb1ca949662011373c42/GLENCORE+Resources+and+Reserves+report+2022.pdf
15,KCC (Kamoto Copper Company),KCC,PE 4961 (KOV),4961,Glencore International/Gecamine/Simco,Suisse/RDC,,CHE/RDC,Lualaba,"10°42′14″S, 25°20′02″E","-10.703889, 25.333889", 25.333889,-10.703889,"KCC operation is located south-west of Kolwezi, on the border with SICOMINES.",10 mining squares /849.55 ha,"Proven and probable reserves at the Kamoto mine in December 2022 were estimated at 115Mt grading 6% copper and 0.50% cobalt.",Licence valid until 3/4/2025,Open pit,Joint-venture,"Glencore: 75%, Gécamines : 20 %, Simco : 5%",,,,
15,KCC (Kamoto Copper Company),KCC,PE 11602 (T17),11602,Glencore International/Gecamine/Simco,Suisse/RDC,,CHE/RDC,Lualaba,"10°42′46″S, 25°26′30″E","-10.712778, 25.441667", 25.441667,-10.712778,"KCC operation is located south-west of Kolwezi, on the border with SICOMINES.",2 mining squares /169.91h a  ,"Proven and probable reserves at the Kamoto mine in December 2022 were estimated at 20.9Mt, grading 5.10% copper and 0.80% cobalt.",Licence valid until 3/4/2026,ciel-ouvert et souterraine,Joint-venture,"Glencore: 75%, Gécamines : 20 %, Simco : 5%",,,,
15,KCC (Kamoto Copper Company),KCC,PE 4960 (Kananga),4960,Glencore International/Gecamine/Simco,Suisse/RDC,,CHE/RDC,Lualaba,"10°40′49″S, 25°29′17″E","-10.680278, 25.488056", 25.488056,-10.680278,"KCC operation is located south-west of Kolwezi, on the border with SICOMINES.","13 mining squares / 1,104.41 ha",ND,Licence valid until 3/4/2027,Open pit,Joint-venture,"Glencore: 75%, Gécamines : 20 %, Simco : 5%",,,,
15,KCC (Kamoto Copper Company),KCC,PE 4963 (Tilwezembe),4963,Glencore International/Gecamine/Simco,Suisse/RDC,,CHE/RDC,Lualaba,"10°47′37″S, 25°42′48″E","-10.793611, 25.713333", 25.713333,-10.793611,"KCC operation is located south-west of Kolwezi, on the border with SICOMINES.",8 mining squares /679.64 ha,"Proven and probable reserves at the Kamoto mine in December 2022 were estimated at 9.5Mt, grading 1.90% copper and 0.60% cobalt.",Licence valid until 3/4/2028,Open pit,Joint-venture,"Glencore: 75%, Gécamines : 20 %, Simco : 5%",,,,
16,BOSS MINING,BOSS MINING,PE 469,469,Eurasian Group Afrika (ERG)/ Gécamines,Kazakhstan,Production suspended since February 2019 due to production deficit. Operations resumed in November 2022,KAZ,Lualaba,"10°44′28″S, 26°17′05″E","-10.741111, 26.284722", 26.284722,-10.741111,"Boss Mining is located in KAKANDA, a former Gecamines mining town in Lubudi territory, Lualaba province, 94.6 km from the town of Kolwezi.","275 mining squares /23,362.62 ha",,Licence valid until 2/04/2024,"Boss Mining a une mine à ciel ouvert, repartie en deux, une partie à Kakanda et une autre à LUITA à 15 Km de Kakanda.",Joint-venture,,la Société Boss Mining SPRL a été créé le 30 decembre 2003 entre ,,,
17,METALKOL (La Compagnie de traitement des Rejets de Kingamyambo),METALKOL,PE 652,652,Eurasian Group Afrika (ERG),Kazakhstan,"99,744.39 tonnes Cu / 15,945.78 tonnes Co",KAZ,Lualaba,"10°37′50″S, 25°26′39″E","-10.630556, 25.444167", 25.444167,-10.630556,"Metalkol Roan Tailings Reclamation (RTR) in the Kolwezi region of the DRC consists of two former tailings deposits containing around 110 million tonnes of reserves (2019). In 2020, Metalkol reached full production capacity of phase 1 and completed construction of phase 2, with the additional plant ramping up production.","79 mining squares /6,711.44 ha","Two former tailings deposits containing around 110 million tonnes of reserves (2019)",Licence valid until 8/05/2022,Traitemeent de rejets,Private ownership,ERG Africa: 100%,,,,
18,COMIDE (Congolaise des Mines et Developpement),COMIDE,,,Eurasian Group Afrika (ERG),Kazakhstan,,KAZ,Lualaba,"0°0′0″S, 0°0′0″E","0.000000.0, 0.000000.0",0.000000.0,0.000000.0,"The Comide project is a combination of the Africo and Comide deposits. Commissioned in 2012, it is an open-pit mining operation with a hydrometallurgy plant.",,,,,Private ownership,,,,,
20,Ruashi Mine (Ruashi Mining),RUASHI MINING,PE 13083,13083,Metorex (Jinchuan group)/Gecamines,Chine/RDCongo,"35,113.93 tonnes Cu / 4,308.62 tonnes Co",CHN/COD,Lualaba,"11°37′0.01″S, 27°33′0″E","-11.616669, 27.550000", 27.550000,-11.616669,"Located in the Mutshatsha territory of Lualaba province, Ruashi Mining's permit is adjacent to the south of Glencore's Kamoto Copper Mining permit 4960.",4 mining squares /339.82 ha,,Licence valid until 3/04/2024,Mine à ciel ouvert ,Joint-venture,"Metorex (Jinchuan)75%, Gécamines: 25%",,,,
20,Ruashi Mine (Ruashi Mining),RUASHI MINING,PE 11751,11751,Metorex (Jinchuan group)/Gécamines,Chine/RDCongo,,CHN/COD,Haut Katanga,,"-11.608334, 27.533330",27.533330,-11.608334,,"Metorex Limited's Ruashi mine is located five kilometers east of Lubumbashi, the second largest city in the Democratic Republic of Congo. It comprises an open-pit mine and a hydrometallurgical plant. The mine has an annual production capacity of 36,000 tonnes of copper cathode and 5,300 tonnes of cobalt metal in its cobalt hydroxide products.",5 mining squares / 424.75 ha,,Licence valid until 10/12/2039,,Joint-venture,,,,,
20,Ruashi Mine (Ruashi Mining),RUASHI MINING,PE 578,578,Metorex (Jinchuan group)/Gécamines,Chine/RDCongo,,CHN/COD,Haut Katanga,11°37′59.9988″S, 27°33′29.9988″E,"-11.633333, 27.558333",27.558333,-11.633333,"Metorex Limited's Ruashi mine is located five kilometers east of Lubumbashi, the second largest city in the Democratic Republic of Congo. It comprises an open-pit mine and a hydrometallurgical plant. The mine has an annual production capacity of 36,000 tonnes of copper cathode and 5,300 tonnes of cobalt metal in its cobalt hydroxide products.",8 mining squares /679.64 ha,,Licence valid until 25/09/2036,,Joint-venture,,,,,
21,Frontier Mine,FRONTIER MINE,PE13080,13080,Eurasian Group Africa,Kazakhstan,"73,061.79 tonnes Cu",KAZ,Haut Katanga,"12°47′22″S, 28°32′58″E","-12.789444, 28.549444", 28.549444,-12.789444,"Located on the border between the DRC and Zambia, 30 km north of Ndola, the Frontier mine is the cornerstone of ERGA's copper activities. It benefits from access to stable infrastructure in terms of road, rail and power networks.
The Frontier mine comprises an open-pit copper mine and processing facilities to produce copper sulfide concentrates. The open-pit processing facilities are capable of processing over 10 million tonnes of copper sulfide ore per year, producing around 350 kt of concentrate. In 2019, it produced 84,254 tonnes of copper contained in concentrate.","187 mining squares /15,886.58","The permit contains estimated reserves of 51.8 Mt grading 0.98% copper.",Licence valid until 30/07/2042,Mine à ciel ouvert ,Private ownership,ERG Africa: 100%,,,,
22,COMILU (Compagnie Minière de Luisha),COMILU,PE526,526,China Railway Group Limited/Gecamines,Chine/RDCongo,"33,650.31 tonnes Cu /  971.55 tonnes Co",CHN/COD,Haut Katanga,"11°9′47″S, 27°0′17″E","-11.163056, 27.004722", 27.004722,-11.163056,"Compagnie Minière de Luisha (COMILU) is a joint venture between China National Overseas Engineering Corporation (COVEC), a subsidiary of China Railway, and Gécamines, a state-owned mining company in the Democratic Republic of Congo (DRC). COMILU was created in 2006 to exploit the Luisha copper and cobalt deposit, one of the largest in the DRC. In 2009, the two parties signed an amendment under which COVEC sold its 72% stake to China Railway and Gecamines sold its 28% stake to Mr. Zongwe Kiluba.
The Luisha deposit is located in the Katanga province of the DRC, around 100 kilometers from the city of Lubumbashi.",6 mining squares / 509.73 ha ,"26.1 million tonnes of ore at an average grade of 2.95% copper and 0.68% cobalt",Licence valid until 03/04/2024. But the partnership is for 25 years,Mine à ciel ouvert,Joint-venture,"CREC :72%, Gécamines : 28%",,,,https://resourcecontracts.org/contract/ocds-591adf-3037303443/view#/pdf
22,COMILU (Compagnie Minière de Luisha),COMILU,PE 11367,11367,China Railway Group Limited/Gecamines,Chine/RDCongo,,CHN/COD,Haut Katanga,,"-11.158333299697858, 27.016666700219258",27.016666700219258,-11.158333299697858,"Compagnie Minière de Luisha (COMILU) is a joint venture between China National Overseas Engineering Corporation (COVEC), a subsidiary of China Railway, and Gécamines, a state-owned mining company in the Democratic Republic of Congo (DRC). COMILU was created in 2006 to exploit the Luisha copper and cobalt deposit, one of the largest in the DRC. In 2009, the two parties signed an amendment under which COVEC sold its 72% stake to China Railway and Gecamines sold its 28% stake to Mr. Zongwe Kiluba.
The Luisha deposit is located in the Katanga province of the DRC, around 100 kilometers from the city of Lubumbashi.",10 mining squares /849.55 ha,,Licence valid until 14/06/2041,,Joint-venture,"CREC :72%, Gécamines : 28%",,,,
23,CDM (Congo Dongfang International Mining),CDM,PER 14899,ZRG00854,Zhejiang Huayou Cobalt,Chine,"52,038.01  tonnes Cu / 2,723.08 tonnes Co",CHN,Lualaba,"10°48′31″S, 26°1′20″E","-10.808611, 26.022222", 26.022222,-10.808611,,"31 mining squares / 2,633.60 ha",,Licence valid until 28/01/2026,,Private ownership,Zhejiang Huayou : 100%,,,,
23,CDM (Congo Dongfang International Mining),CDM,PER 14900,14900,Zhejiang Huayou Cobalt,Chine,,CHN,Lualaba,"10°49′17″S, 26°0′54″E","-10.821389, 26.015",26.015,-10.821389,,"22 mining squares /1,869 ha",,Licence valid until 08/02/2026,,Private ownership,,,,,
24,EXCELLEN MINERALS,EXCELLEN MINERALS,PE 11600,11600,HONG-KONG EXCELLEN MINING/Gécamines,Chine,"38,148.84 tonnes Cu",CHN,Lualaba,"10°41′45″S, 25°26′18″E","-10.695833, 25.438333", 25.438333,-10.695833,,8 mining squares / 679.64 ha,,Licence valid until 3/04/2024,,Amodiation,HONG-KONG EXCELLEN MINING: 100%,,,,
24,EXCELLEN MINERALS,EXCELLEN MINERALS,PE 4881,4881,HONG-KONG EXCELLEN MINING/Gécamines,Chine,,CHN,Lualaba,"10°41′08″S, 25°25′51″E","-10.685556, 25.430833", 25.430833,-10.685556,,"113 mining squares / 9,599.9 ha",,Licence valid until 3/04/2046,,Private ownership,HONG-KONG EXCELLEN MINING: 100%,,,,
25,Kambove Mining SAS,KAMBOVE MINING SAS,PE 13832,13832,"China Nonferrous Metal Mining Co, (CNMC)/Gécamines",Chine/RDCongo,"32,339.85 tonnes Cu /  945.93 tonnes Co",CHN/COD,Haut Katanga,"10°53′07″S, 26°37′48″E","-10.885278, 26.630000", 26.630000,-10.885278,"The permit is located in the Basanga chiefdom, Kambove territory, 20 km northwest of the town of Likasi, Haut-Katanga province.",6 mining squares / 509.73 ha ,,Licence valid until 4/10/2043. The partnership runs until reserves are exhausted.,,Joint-venture,"CNMC: 55%, Gécamines: 45%",N/A,,,https://resourcecontracts.org/contract/ocds-591adf-0280549793/view#/pdf
25,Kambove Mining SAS,KAMBOVE MINING SAS,PE 13230 ,13230,"China Nonferrous Metal Mining Co, (CNMC)/Gécamines",Chine/RDCongo,,CHN/COD,Haut Katanga,,"-10.891667, 26.616667",26.616667, -10.891667,,2 mining squares / 169.91ha  ,,Licence valid until 20/09/2027,,Joint-venture,,,,,
25,Kambove Mining SAS,KAMBOVE MINING SAS,PE 13229,13229,"China Nonferrous Metal Mining Co, (CNMC)/Gécamines",Chine/RDCongo,,CHN/COD,Haut Katanga,,"-10.891667, 26.6",26.6,-10.891667,,4 mining squares /339.82 ha,,Licence valid until 20/09/2027,,Joint-venture,,,,,
26,KICC (Kinsenda Copper Company),KICC,PE 330 (Lubembe),330,Metorex (jinchuan group)/Sodimco,Chine/RDCongo,"28,700.47 tonnes Cu",CHN/COD,Haut Katanga,"12 22′07″S, 28 6′53″E","-12.368611, 28.114722", 28.114722,-12.368611,"Kinsenda Mine is located in the Democratic Republic of Congo, near the border town of Kasumbalesa.","28 mining squares / 2,378.74 ha","Reported mineral resources amount to 20.7 million tonnes at a grade of 5.6% copper.",Licence valid until 28/01/2032,Open pit,Joint-venture,"Metorex (jinchuan group)77%, Sodimco:23%",,,,
26,KICC (Kinsenda Copper Company),KICC,PE 101 & 12548 (Kinsenda),101&12548,Metorex (jinchuan group)/Sodimco,Chine/RDCongo,,CHN/COD,Haut Katanga,"12°14′26″S, 27°59′40″E","-12.240556, 27.994444", 27.994444,-12.240556,,"126 mining squares / 10,704.33 Ha",,Licence valid until 14/06/2041,,Joint-venture,"Metorex (jinchuan group)77%, Sodimco:23%",,,,
27,Long Fei Mining (Kimpe Nord & Sud),LONG FEI MINING,PE 271,271,Long Fei Mining/Gécamines,,ND,,Haut Katanga,"12°0′13″S, 27°55′07″E","-12.003611, 27.918611", 27.918611,-12.003611,ND,"20 mining squares/ 1,699.1 ha","
2,600,000mt at 4.4% Cu & 0.54% Co
741,000mt at 2.91% Cu for 21,560mt TCu
371,000mt at 6.5% Cu for 24,110mt Tcu
",,ND,Amodiation,Long Fei Mining: 100%,,,,https://resourcecontracts.org/contract/ocds-591adf-9306039169/view#/pdf
28,MIKAS (Minière de Kasombo),MIKAS,PE 13120,13120,Zhejiang Huayou Cobalt/Gécamines ,Chine/RDCongo,"26,788.70 tonnes Cu / 5,680.61 tonnes Co",CHN/COD,Haut Katanga,"10°53′47″S, 26°38′29″E","-10.896389, 26.641389", 26.641389,-10.896389,,2 mining squares /169.91 ha                                                   ,,Licence valid until  04/10/2043,Open pit,Joint-venture,"Zhejiang Huayou Cobalt:72%, Gécamines :28%",,,,https://resourcecontracts.org/contract/ocds-591adf-9000426112/view#/pdf
28,MIKAS (Minière de Kasombo),MIKAS,PE 9714                                                                      PE 9715,9714&9715,Zhejiang Huayou Cobalt/Gécamines ,Chine/RDCongo,,CHN/COD,Haut Katanga,"10°52′59″S, 26°37′00″E","-10.883056, 26.616667", 26.616667,-10.883056,,11 mining squares / 934.5 ha,,Licence valid until 08/01/2024,,Joint-venture,"Zhejiang Huayou Cobalt:72%, Gécamines :28%",,,,
29,MMG Kinsevere,MMG Kinsevere,PE 528,528,MMG (China Minmetals Corporation) /Gecamines ,Chine,48855.24 tonnes Cu,CHN,Haut Katanga,"11°21′30″S, 27°34′33″E","-11.358333, 27.575833", 27.575833,-11.358333,,"25 mining squares / 2,123.8 ha",,Licence valid until 03/04/2024.,Open pit,Amodiation,China Minmetals Corporation : 100%,,,,https://www.mmg.com/our-business/kinsevere/
30,New Minerals Investment,NEW MINERALS INVESTMENT,PE 2353,2353,New Minerals Investment (Simon Cong Maohuai),Chine,"25,901.59 tonnes Cu",CHN,Haut Katanga,"11°19′11″S, 27°34′40″E","-11.319722, 27.577778", 27.577778,-11.319722,"Copper is extracted from an open-pit mine, as ground conditions allow most areas to be mined without blasting. After mill and mill treatment, acid leaching, solvent extraction and electrowinning are used to plate the copper.","161 mining squares /  13,677.7 ha",,15 ans ,Open pit,Amodiation,China Minmetals Corporation : 100%,,,,
31,Société d'exploitation de Kipoi/ SEK (Kipoi Mines),SEK (Kipoi Mines),PE 11383,11383,Tiger Ressources ,Australie/RDCongo,"37,394.94 tonnes Cu",AUS/COD,Haut Katanga,"11°13′14″S, 27°15′32″E","-11.220556, 27.258889", 27.258889,-11.220556,"The Kipoi mining permit is located 75 km northwest of Lubumbashi, the capital of Katanga province, in the central part of the Katanga copper belt.","67 mining squares / 5,691.9 ha","As of December 2014, mineral resources at the Kipoi copper project stood at 938,000 tonnes of copper.",Licence valid until 08/03/2040,,Joint-venture,95-5%,,,,
31,Société d'exploitation de Kipoi/ SEK (Kipoi Mines),SEK (Kipoi Mines),PE 11384,11384,Tiger Ressources ,Australie/RDCongo,,AUS/COD,Haut Katanga,"11°16′16″S, 27°8′18″E","-11.271111, 27.138333",27.138333,-11.271111,"The Kipoi copper project is operated by SEK (Société d'Exploitation de Kipoi), a 95%-owned subsidiary of Tiger. It is located 75 km northwest of Lubumbashi, the capital of Katanga province, in the central part of the Katanga copper belt.
The Kipoi mining permit covers an area of 55 km2 and contains a 12 km-long segment (scale) extensively mineralized with copper and cobalt in Upper Roan sediments (R2, R4). The project hosts five known copper deposits: Kipoi Central, Kipoi North, Kileba, Judeira and Kaminafitwe.",9 mining squares / 764.59 ha,"According to Tiger Ressources' 2019 annual report, as at June 30, 2019 stood at 43.3 Mt grading 1.12% copper and 0.06% cobalt, or 485 Kt copper and 24 Kt cobalt.",Licence valid until 08/03/2040,,Joint-venture,Tiger Ressources 95%,,,,http://www.tigerresources.com.au/wp-content/uploads/2019/12/31-Dec-2018-Annual-Report.pdf
31,Société d'exploitation de Kipoi/ SEK (Kipoi Mines),SEK (Kipoi Mines),PE 11385,11385,Tiger Ressources ,Australie/RDCongo,,AUS/COD,Haut Katanga,"11°15′22″S, 27°5′50″E","-11.256111, 27.097222",27.097222,-11.256111,"The Kipoi copper project is operated by SEK (Société d'Exploitation de Kipoi), a 95%-owned subsidiary of Tiger. It is located 75 km northwest of Lubumbashi, the capital of Katanga province, in the central part of the Katanga copper belt.
The Kipoi mining permit covers an area of 55 km2 and contains a 12 km-long segment (scale) extensively mineralized with copper and cobalt in Upper Roan sediments (R2, R4). The project hosts five known copper deposits: Kipoi Central, Kipoi North, Kileba, Judeira and Kaminafitwe.","28 mining squares / 2,378.74 ha","According to Tiger Ressources' 2019 annual report, as at June 30, 2019 stood at 43.3 Mt grading 1.12% copper and 0.06% cobalt, or 485 Kt copper and 24 Kt cobalt.",Licence valid until 08/03/2040,,Joint-venture,Tiger Ressources 95%,,,,
31,Société d'exploitation de Kipoi/ SEK (Kipoi Mines),SEK (Kipoi Mines),PE 11386,11386,Tiger Ressources ,Australie/RDCongo,,AUS/COD,Haut Katanga,"11°13′47″S, 27°7′22″E","-11.229722, 27.122778",27.122778,-11.229722,"The Kipoi copper project is operated by SEK (Société d'Exploitation de Kipoi), a 95%-owned subsidiary of Tiger. It is located 75 km northwest of Lubumbashi, the capital of Katanga province, in the central part of the Katanga copper belt.
The Kipoi mining permit covers an area of 55 km2 and contains a 12 km-long segment (scale) extensively mineralized with copper and cobalt in Upper Roan sediments (R2, R4). The project hosts five known copper deposits: Kipoi Central, Kipoi North, Kileba, Judeira and Kaminafitwe.",1 mining square / 84.95 ha,"According to Tiger Ressources' 2019 annual report, as at June 30, 2019 stood at 43.3 Mt grading 1.12% copper and 0.06% cobalt, or 485 Kt copper and 24 Kt cobalt.",Licence valid until 08/03/2040,,Joint-venture,Tiger Ressources 95%,,,,
31,Société d'exploitation de Kipoi/ SEK (Kipoi Mines),SEK (Kipoi Mines),PE 11387,11387,Tiger Ressources ,Australie/RDCongo,,AUS/COD,Haut Katanga,"11°13′14″S, 27°4′32″E","-11.220556, 27.075556",27.075556,-11.220556,"The Kipoi copper project is operated by SEK (Société d'Exploitation de Kipoi), a 95%-owned subsidiary of Tiger. It is located 75 km northwest of Lubumbashi, the capital of Katanga province, in the central part of the Katanga copper belt.
The Kipoi mining permit covers an area of 55 km2 and contains a 12 km-long segment (scale) extensively mineralized with copper and cobalt in Upper Roan sediments (R2, R4). The project hosts five known copper deposits: Kipoi Central, Kipoi North, Kileba, Judeira and Kaminafitwe.",2 mining squares / 169.91ha  ,"According to Tiger Ressources' 2019 annual report, as at June 30, 2019 stood at 43.3 Mt grading 1.12% copper and 0.06% cobalt, or 485 Kt copper and 24 Kt cobalt.",Licence valid until 08/03/2040,,Joint-venture,Tiger Ressources 95%,,,,
31,Société d'exploitation de Kipoi/ SEK (Kipoi Mines),SEK (Kipoi Mines),PE 533,533,Tiger Ressources ,Australie/RDCongo,,AUS/COD,Haut Katanga,"11°14′09″S, 27°6′29″E","-11.235833, 27.108056",27.108056,-11.235833,"The Kipoi copper project is operated by SEK (Société d'Exploitation de Kipoi), a 95%-owned subsidiary of Tiger. It is located 75 km northwest of Lubumbashi, the capital of Katanga province, in the central part of the Katanga copper belt.
The Kipoi mining permit covers an area of 55 km2 and contains a 12 km-long segment (scale) extensively mineralized with copper and cobalt in Upper Roan sediments (R2, R4). The project hosts five known copper deposits: Kipoi Central, Kipoi North, Kileba, Judeira and Kaminafitwe.","25 mining squares / 2,123.8 ha","According to Tiger Ressources' 2019 annual report, as at June 30, 2019 stood at 43.3 Mt grading 1.12% copper and 0.06% cobalt, or 485 Kt copper and 24 Kt cobalt.",Licence valid until 08/03/2040,,Joint-venture,Tiger Ressources 95%,,,,
32,Shituru Mines,SHITURU MINES,PE 4725,4725,Pengxin Group/Gecamines ,Chine/RDCongo,"38,741.79 tonnes Cu / 1,411.40 tonnes Co",CHN/COD,Haut Katanga,"11°0′45.52″S, 26°45′2.75″E","-11.012644, 26.750764", 26.750764,-11.012644,"The Shituru copper mine is located in Katanga province, in the southeast of the DRC, around 2 kilometers from the town of Likas and 125 kilometers west of Lubumbashi, the capital of Katanga province.",1 mining square / 84.95 ha,"Metal reserves stand at 3.89 million tonnes, with an average copper content of 4.7%.",Licence valid until 01/04/2024,Open pit,Joint-venture,"Pengxin Group: 75%, Gécamines: 25%",,,,http://www.pengxinzy.com.cn/business/main/view.htmls?id=5
33,SOMIKA (Société de Développement Industriel et Minier du Katanga),SOMIKA,PE 12263,12263,VINMART GROUP,Inde,"32,808.66 tonnes Cu / 244.27 tonnes Co",IND,Haut Katanga,"12°7′44″S, 27°46′54″E","-12.128889, 27.781667", 27.781667,-12.128889,ND,"19 mining squares /  1,614.14 ha",,Permit to renew,Open pit,Amodiation ,VINMART GROUP: 100%,,,,https://www.resourcecontracts.org/contract/ocds-591adf-9496348211/view#/pdf
33,SOMIKA (Société de Développement Industriel et Minier du Katanga),SOMIKA,PE 12264,12264,VINMART GROUP,Inde,,IND,Haut Katanga,"12°1′25″S, 27°53′44″E","-12.023611, 27.895556", 27.895556,-12.023611,,"16 mining squares / 1,359.28 ha",,Licence valid until 15/04/2031,Open pit,Amodiation,,,,,
33,SOMIKA (Société de Développement Industriel et Minier du Katanga),SOMIKA,PE 13157,13157,VINMART GROUP,Inde,,IND,Haut Katanga,"12°1′22″S, 27°44′18″E","-12.022778, 27.738333", 27.738333,-12.022778,,"28 mining squares / 2,378.74 ha",,Licence valid until 23/07/2045,Open pit,Amodiation,,,,,
33,SOMIKA (Société de Développement Industriel et Minier du Katanga),SOMIKA,PE 13158,13158,VINMART GROUP,Inde,,IND,Haut Katanga,"12°4′26″S, 27°44′51″E","-12.073889, 27.747500", 27.747500,-12.073889,,"51 mining squares / 4,332.70 ha",,Licence valid until 23/07/2046,Open pit,Amodiation,,,,,
33,SOMIKA (Société de Développement Industriel et Minier du Katanga),SOMIKA,PE 13159,13159,VINMART GROUP,Inde,,IND,Haut Katanga,"12°5′02″S, 27°48′26″E","-12.083889, 27.807222", 27.807222,-12.083889,,"48 mining squares / 4,077.84 ha",,Licence valid until 23/07/2047,Open pit,Amodiation,,,,,
33,SOMIKA (Société de Développement Industriel et Minier du Katanga),SOMIKA,PE 13160,13160,VINMART GROUP,Inde,,IND,Haut Katanga,"12°08′1″S, 27°44′53″E","-12.133611, 27.748056", 27.748056,-12.133611,,"26 mining squares / 2,208.83 ha",,Licence valid until 23/07/2048,Open pit,Amodiation,,,,,
34,CNMC Huachin Mabende,CNMC Huachin Mabende,PE 1060,1060,China Non ferrous Metal -(CNMC)/Gécamines,Chine,"37,864.88 tonnes Cu",CHN,Haut Katanga,"11°13′49″S, 27°32′33″E","-11.230278, 27.542500", 27.542500,-11.230278,ND,"141 mining squares / 11,978.65 ha",,25 ans,Open pit,Amodiation ,China Non ferrous Metal (CNMC): 100%,,,,https://www.resourcecontracts.org/contract/ocds-591adf-2728600922
34,CNMC Huachin Mabende,CNMC Huachin Mabende,PE 13119,13119,China Non ferrous Metal -(CNMC)/Gécamines,Chine,,CHN,Haut Katanga,"11°8′30″S, 27°26′00″E","-11.141667, 27.433333", 27.433333,-11.141667,,6 mining squares /509.73 ha,,Licence valid until 11/01/2046,,Private ownership,China Non ferrous Metal (CNMC): 100%,,,,
35,KAIPENG MINING,KAIPENG MINING,PE 13256,13256,SHENZHEN YITE HOLDINGS,Chine,"45,529.82  tonnes Cu",CHN,Haut Katanga,"11°02′35″S, 26°32′55″E","-11.043056, 26.548611", 26.548611,-11.043056,"The project covers the development of the Kipese Sud I, II, V and VII deposits in the Kipese territory in the Kambove territory, a few kilometers from Likasi.","31 mining squares / 2,633.65 ha","The farm-in agreement signed between the two parties in 2021 referred to the identification of probable geological resources estimated at 29,387,799 ts at 1.77% Cu, or 520,442 Tcup.",15 ans ,Open pit,Amodiation ,SHENZHEN YITE HOLDINGS: 100%,,,,https://congominespdfstorage.blob.core.windows.net/congominespdfstorage/5226-gecamines-kai-peng-mining-pe13256-pe2355-amodiation-2021.pdf
35,KAIPENG MINING,KAIPENG MINING,PE 2355,2355,SHENZHEN YITE HOLDINGS,Chine,,CHN,Haut Katanga,"11°05′03″S, 26°33′57″E","-11.084167, 26.565833", 26.565833,-11.084167,"The project covers the development of the Kipese Sud I, II, V and VII deposits in the Kipese territory in the Kambove territory, a few kilometers from Likasi.","121 mining squares / 10,279.55 ha","The farm-in agreement signed between the two parties in 2021 referred to the identification of probable geological resources estimated at 29,387,799 ts at 1.77% Cu, or 520,442 Tcup.",Licence valid until 07/03/2040,,Amodiation,SHENZHEN YITE HOLDINGS: 100%,,,,
35,KAIPENG MINING,KAIPENG MINING,PE 8210,8210,SHENZHEN YITE HOLDINGS,Chine,,CHN,Haut Katanga,"10°55′14″S, 26°47′04″E","-10.920556, 26.784444", 26.784444,-10.920556,ND,3 mining squares / 254.86 ha,,Licence valid until 16/07/2025,,Private ownership,SHENZHEN YITE HOLDINGS: 100%,,,,
36,DIVINE LAND MINING,DIVINE LAND MINING,PE 12276,12276,LUO GUANGCHEN,Chine,"10,442.52 tonnes Cu",CHN,Haut Katanga,"10°59′20″S, 26°44′37″E","-10.988889, 26.743611", 26.743611,-10.988889,ND,"62 mining squares / 5,276.21 ha",,ND,,Amodiation,100%,,,,
37,MJM (MACROLINK JIAYUAN MINING),MJM,PE 14252,ZRG02667,Macrolink Group,Chine,"12,979.64 tonnes Cu",CHN,Haut Katanga,"10°28′59″S,26°29′19″E","-10.483056, 26.488611", 26.488611,-10.483056,ND,"20 cmining squares / 1,699.1 ha",,5 ans,,Private ownership,Macrolink Group: 100%,,,,http://www.macrolink.com.cn/en/index.php?optionid=1047
37,MJM (MACROLINK JIAYUAN MINING),MJM,PE 14253,14253,Macrolink Group,Chine,,CHN,Haut Katanga,"10°38′32″S, 27°17′57″E","-10.642222, 27.299167", 27.299167,-10.642222,,"21 mining squares/ 1,784.105 ha",,5 ans,,Private ownership,Macrolink Group: 100%,,,,
37,MJM (MACROLINK JIAYUAN MINING),MJM,PE 14198,14198,Macrolink Group,Chine,,CHN,Lualaba,"10°58′12″S, 25°37′47″E","-10.970000, 25.629722", 25.629722,-10.970000,,"19 mining squares /  1,614.14 ha",,Licence valid until 27/01/2024,,Private ownership,Macrolink Group: 100%,,,,
37,MJM (MACROLINK JIAYUAN MINING),MJM,PE 14251,14251,Macrolink Group,Chine,,CHN,Lualaba,"10°53′30″S, 25°36′02″E","-10.891667, 25.600556", 25.600556,-10.891667,,"16 mining squares / 1,359.28 ha",,Licence valid until 27/01/2024,,Private ownership,Macrolink Group: 100%,,,,
38,GOLDEN AFRICAN RESOURCES,GOLDEN AFRICAN RESOURCES,PE 1063,1063,ANIL SOMANI,Inde,"9,773.00 tonnes Cu",IND,Haut Katanga,"11°16′53″S, 27 08′43″E","-11.281389, 27.145278", 27.145278,-11.281389,,,250 000 tonnes Cu / 23 571 tonnes Co,15 ans ,,Amodiation,100%,,,,https://www.resourcecontracts.org/contract/ocds-591adf-0359015604/view#/
39,CNMC Congo Compagnie,CNMC Congo Compagnie,PE 2356,2356,China Non ferrous Metal (CNMC),Chine,"17,607.04 tonnes Cu /  308.53 tonnes Co",CHN,Haut Katanga,"11°1′18″S, 26°42′52″E","-11.021667, 26.714444", 26.714444,-11.021667,,,ND,ND,Open pit,Amodiation,China Non ferrous Metal (CNMC) : 100%,,,,
40,COMIKA (COMPAGNIE MINIERE DE KAMBOVE),COMIKA,PE 11517,11517,WANBAO KINGCO Ltd/GECAMINES,Chine/RDC,"51,324.17 tonnes Cu /  4,649.57 tonnes Co",CHN/RDC,Haut Katanga,"10°53′18″S, 26°34′32″E","-10.888333, 26.562222", 26.562222,-10.888333,ND,11 mining squares / 934.5 ha,,Licence valid until 14/09/2037,Ciel ouvert,Joint-venture,"Wangbao Kingco 70, Gécamines 30%",,,1530°,
40,COMIKA (COMPAGNIE MINIERE DE KAMBOVE),COMIKA,PE 11516,11516,WANBAO KINGCO Ltd/GECAMINES,Chine/RDC,,CHN/RDC,Haut Katanga,"10°50′30″S, 26°36′2″E","-10.841667,26.600556",26.600556,-10.841667,,4 mining squares /339.82 ha,,Licence valid until 14/09/2037,,,,,,,
43,Anvil Mining,ANVIL MINING,PE 1688,1688,MMG (China Minmetals Corporation),Chine,"2,163.09 tonnes Cu",CHN,Haut-Katanga,"8°02′22″S, 28°50′36″E","-8.039444,28.843333",28.843333,-8.039444,,"130 mining squares / 11,044.15 ha",,Licence valid until 21/08/2043,,Private ownership,,,,,
43,Anvil Mining,ANVIL MINING,PE 1686,1686,MMG (China Minmetals Corporation),Chine,,CHN,Haut-Katanga,"8°0′24″S, 29°15′39″E","-8.006667,29.260833",29.260833,-8.006667,,"235 mining squares / 19,964.42",,Licence valid until 21/08/2043,,Private ownership,,,,,
43,Anvil Mining,ANVIL MINING,PE 1689,1689,MMG (China Minmetals Corporation),Chine,,CHN,Haut-Katanga,"8°7′25″S, 28°58′16″E","-8.123611,28.971111",28.971111,-8.123611,,"471 mining squares / 40,013.8 ha",,Licence valid until 21/08/2043,,Private ownership,,,,,
43,Anvil Mining,ANVIL MINING,PE 1684,1684,MMG (China Minmetals Corporation),Chine,,CHN,Haut-Katanga,"7°54′22″S, 28°55′52″E","-7.906111, 28.931111", 28.931111,-7.906111,,"162 mining squares / 13,762.71 ha",,Licence valid until 21/08/2043,,Private ownership,,,,,
43,Anvil Mining,ANVIL MINING,PE 1693,1693,MMG (China Minmetals Corporation),Chine,,CHN,Haut-Katanga,"8°12′58″S, 28°37′05″E","-8.216111, 28.618056", 28.618056,-8.216111,,"471 mining squares / 40,013.8 ha",,Licence valid until 21 août 2043,,Private ownership,,,,,
43,Anvil Mining,ANVIL MINING,PE 1697,1697,MMG (China Minmetals Corporation),Chine,,CHN,Haut-Katanga,"8°18′11″S, 29°13′50″E","-8.303056, 29.230556", 29.230556,-8.303056,,"471 mining squares / 40,013.8 ha",,Licence valid until 26/01/2043,,Private ownership,,,,,
43,Anvil Mining,ANVIL MINING,PE 1700,1700,MMG (China Minmetals Corporation),Chine,,CHN,Haut-Katanga,"8°20′4″S, 28°34′27″E","-8.334444, 28.574167", 28.574167,-8.334444,,170 mining squares / 14 442 ha,,Licence valid until 21/08/2043,,Private ownership,,,,,
44,Thomas Mining,THOMAS MINING,PE 13813,13813,MMG (China Minmetals Corporation),Chine,"12,414.30 tonnes Cu / 1,644.44 tonnes Co",CHN,Lualaba,,"-10.8225, 25.3175",25.3175,-10.8225,,5 mining squares/ 424.75 ha,,Licence valid until 8/06/2027,,Private ownership,,,,,
44,Thomas Mining,THOMAS MINING ,PE 14709,14709,MMG (China Minmetals Corporation),Chine,,CHN,Lualaba,,"-10.6583, 25.4833",25.4833,-10.6583,,,,TBD,,Private ownership,,,,,
45,Metal Mines Sarl (MM),METAL MINES,5152,5152,Hanrui Cobalt,Chine,"17,030.54 tonnes Cu / 3,089.29 tonnes Co",CHN,Haut Katanga,,"-11.958333300125503, 26.300000000331533",26.300000000331533,-11.958333300125503,,3 mining squares / 254.86 ha,,Licence valid until 23/01/2044,,Private ownership,,,,,
46,TCC (Tengyan Cobalt et Copper Resources Ltd),TCC,PEPM 13258,13258,Tengyuan Cobalt,Chine,"28,161.61 tonnes Cu / 1,955.75 tonnes Co",CHN,Lualaba,,"-10.5333, 25.4167",25.4167,-10.5333,,"15 mining squares / 1,274.25 ha",,Licence valid until 26/04/2022 (Assets being converted from PEPM to PE),,Private ownership,Tengyuan Cobalt 100%,,,,
46,TCC (Tengyan Cobalt et Copper Resources Ltd),TCC,PR 13392,13392,Tengyuan Cobalt,Chine,,CHN,Lualaba,,"-10.55, 25.425",25.425,-10.55,,11 mining squares /934.45 ha,,Licence valid until 6/08/2022  (Assets being converted from PEPM to PE),,Private ownership,Tengyuan Cobalt 100%,,,,
46,TCC (Tengyan Cobalt et Copper Resources Ltd),TCC,PR 13393,13393,Tengyuan Cobalt,Chine,,CHN,Lualaba,,"-10.5583, 25.475",25.475,-10.5583,,"13 mining squares / 1,104.35 ha",,Licence valid until 6/08/2022  (Assets being converted from PEPM to PE),,Private ownership,Tengyuan Cobalt 100%,,,,
47,Lualaba Copper Smelter,LCS SAS,PE 14044,14044,"China Nonferrous Metal Mining (CNMC), Yunan Copper Mining",Chine,"67,679.86 tonnes Cu",CHN,Lualaba,,"-10.8583, 25.7417",25.7417,-10.8583,"Lualaba Copper Smelter started out as a copper and cobalt processing entity. In 2017, it acquired mining license 14044 in the Mutshatsha territory of Lualaba province. The permit is valid for 30 years, until 2047, and covers copper, cassiterite, cobalt, tin and manganese ores.",74 mining squares / ,,Licence valid until 6/011/2047,,Joint-venture,"China Nonferrous Metal Mining (CNMC) (60%), Yunan Copper Mining (40%)",Permis d'exploitation acquis en 2017,,,
48,CJCMC (Congo Jin Ju Cheng Company),CJCMC,PE 9469,9469,Kai Feng jillion trade Co. Ltd,Chine,"14,830.34 tonnes Cu",CHN,Haut-Katanga,,"-10.000000000371923, 23.00833330037802",23.00833330037802,-10.000000000371923,,"19 mining squares /1,614.05 ha",,Licence valid until 26/05/2046,,Private ownership,Kai Feng jillion trade Co. Ltd 100%,,,,
49,HMC SARL (HANRUI METAL CONGO Sarl),HMC SARL,PE 14708,14708,Hanrui Cobalt,Chine,"27,069.61 tonnes Cu / 1,589.78 tonnes Co",CHN,Lualaba,,"-10.6417, 25.475",25.475,-10.6417,,1 mining square /84.95 ha,,Licence valid until,,Private ownership,Hanrui Metal 100%,,,,
